19/01/2022,38654,10:44:14,0,11,15,5,11,14,12,6,1.64262E+12
19/01/2022,38655,10:44:15,9,13,7,5,10,11,11,13,1.64262E+12
19/01/2022,38656,10:44:16,7,14,12,5,9,13,18,12,1.64262E+12
19/01/2022,38657,10:44:17,7,14,8,10,9,16,17,13,1.64262E+12
19/01/2022,38658,10:44:18,10,9,15,9,11,15,12,15,1.64262E+12
19/01/2022,38659,10:44:19,8,18,10,5,10,12,15,14,1.64262E+12
19/01/2022,38660,10:44:20,1,16,13,10,9,11,8,8,1.64262E+12
19/01/2022,38661,10:44:21,7,14,9,7,10,14,16,6,1.64262E+12
19/01/2022,38662,10:44:22,1,15,11,6,9,16,18,4,1.64262E+12
19/01/2022,38663,10:44:23,2,16,8,6,11,10,13,16,1.64262E+12
19/01/2022,38664,10:44:24,6,12,15,10,9,10,7,9,1.64262E+12
19/01/2022,38665,10:44:25,2,15,7,4,11,15,8,18,1.64262E+12
19/01/2022,38666,10:44:26,10,14,8,8,9,16,11,15,1.64262E+12
19/01/2022,38667,10:44:27,4,8,15,4,9,10,18,7,1.64262E+12
19/01/2022,38668,10:44:28,10,11,15,8,11,11,12,4,1.64262E+12
19/01/2022,38669,10:44:29,5,17,15,5,10,13,9,12,1.64262E+12
19/01/2022,38670,10:44:30,3,14,13,6,10,16,8,8,1.64262E+12
19/01/2022,38671,10:44:31,9,16,14,9,10,14,13,14,1.64262E+12
19/01/2022,38672,10:44:32,3,11,9,4,10,16,12,4,1.64262E+12
19/01/2022,38673,10:44:33,9,16,12,6,9,11,15,4,1.64262E+12
19/01/2022,38674,10:44:34,7,14,15,5,11,10,7,11,1.64262E+12
19/01/2022,38675,10:44:35,2,13,7,6,9,14,10,9,1.64262E+12
19/01/2022,38676,10:44:36,7,12,11,6,10,14,19,18,1.64262E+12
19/01/2022,38677,10:44:37,5,15,14,4,11,10,17,4,1.64262E+12
19/01/2022,38678,10:44:38,0,11,9,5,9,14,14,8,1.64262E+12
19/01/2022,38679,10:44:39,3,16,7,4,11,12,10,11,1.64262E+12
19/01/2022,38680,10:44:40,10,9,8,7,9,13,16,17,1.64262E+12
19/01/2022,38681,10:44:41,6,14,15,4,11,11,14,16,1.64262E+12
19/01/2022,38682,10:44:42,7,14,14,5,10,16,10,16,1.64262E+12
19/01/2022,38683,10:44:43,9,14,9,4,9,14,14,16,1.64262E+12
19/01/2022,38684,10:44:44,1,15,12,8,10,15,13,16,1.64262E+12
19/01/2022,38685,10:44:45,10,12,9,4,11,15,9,6,1.64262E+12
19/01/2022,38686,10:44:46,10,16,10,5,10,14,15,15,1.64262E+12
19/01/2022,38687,10:44:47,4,11,14,4,10,12,14,18,1.64262E+12
19/01/2022,38688,10:44:48,0,8,15,4,10,12,9,4,1.64262E+12
19/01/2022,38689,10:44:49,6,11,11,4,10,16,19,14,1.64262E+12
19/01/2022,38690,10:44:50,3,16,12,9,9,15,19,8,1.64262E+12
19/01/2022,38691,10:44:51,2,18,7,6,9,16,7,5,1.64262E+12
19/01/2022,38692,10:44:52,3,8,9,9,11,14,12,11,1.64262E+12
19/01/2022,38693,10:44:53,7,13,7,8,9,13,13,16,1.64262E+12
19/01/2022,38694,10:44:54,5,14,12,8,11,11,17,13,1.64262E+12
19/01/2022,38695,10:44:55,3,9,12,5,9,16,15,10,1.64262E+12
19/01/2022,38696,10:44:56,8,16,13,7,11,10,10,17,1.64262E+12
19/01/2022,38697,10:44:57,6,16,9,8,10,11,7,11,1.64262E+12
19/01/2022,38698,10:44:58,10,16,8,8,11,11,15,8,1.64262E+12
19/01/2022,38699,10:44:59,4,9,13,6,9,16,19,12,1.64262E+12
19/01/2022,38700,10:45:00,7,14,10,8,11,14,13,6,1.64262E+12
19/01/2022,38701,10:45:01,1,12,15,6,10,15,9,8,1.64262E+12
19/01/2022,38702,10:45:02,7,18,8,8,9,10,18,17,1.64262E+12
19/01/2022,38703,10:45:03,4,8,10,10,11,11,18,15,1.64262E+12
19/01/2022,38704,10:45:04,10,17,12,8,9,11,10,12,1.64262E+12
19/01/2022,38705,10:45:05,5,15,11,6,10,15,7,8,1.64262E+12
19/01/2022,38706,10:45:06,4,16,10,7,10,12,14,4,1.64262E+12
19/01/2022,38707,10:45:07,1,8,12,5,10,13,13,17,1.64262E+12
19/01/2022,38708,10:45:08,5,16,14,8,10,15,11,17,1.64262E+12
19/01/2022,38709,10:45:09,3,9,9,6,11,14,13,17,1.64262E+12
19/01/2022,38710,10:45:10,10,16,10,10,9,14,11,18,1.64262E+12
19/01/2022,38711,10:45:11,7,17,14,4,9,12,17,16,1.64262E+12
19/01/2022,38712,10:45:12,9,8,12,7,9,13,7,11,1.64262E+12
19/01/2022,38713,10:45:13,3,18,14,4,10,10,13,15,1.64262E+12
19/01/2022,38714,10:45:14,9,17,7,5,9,10,7,16,1.64262E+12
19/01/2022,38715,10:45:15,9,15,10,9,11,15,13,12,1.64262E+12
19/01/2022,38716,10:45:16,9,15,11,9,10,14,11,14,1.64262E+12
19/01/2022,38884,10:48:04,1,13,14,4,9,14,14,12,1642618084428
19/01/2022,38885,10:48:05,10,18,13,7,10,15,18,10,1642618085431
19/01/2022,38886,10:48:06,6,8,10,8,11,13,8,4,1642618086433
19/01/2022,38887,10:48:07,2,12,15,6,9,13,19,10,1642618087446
19/01/2022,38888,10:48:08,1,10,10,10,9,16,16,12,1642618088446
19/01/2022,38889,10:48:09,5,10,12,7,10,15,15,7,1642618089454
19/01/2022,38890,10:48:10,0,17,14,10,9,16,8,5,1642618090460
19/01/2022,38891,10:48:11,6,12,12,9,10,13,18,4,1642618091476
19/01/2022,38892,10:48:12,7,18,15,5,10,12,15,18,1642618092490
19/01/2022,38893,10:48:13,5,17,14,6,11,16,13,7,1642618093507
19/01/2022,38894,10:48:14,0,18,13,4,11,15,7,8,1642618094514
19/01/2022,38895,10:48:15,4,16,9,10,9,12,13,16,1642618095515
19/01/2022,38896,10:48:16,0,10,10,8,11,13,12,7,1642618096524
19/01/2022,38897,10:48:17,0,17,13,4,9,12,16,4,1642618097537
19/01/2022,38898,10:48:18,1,14,11,10,9,16,7,10,1642618098541
19/01/2022,38899,10:48:19,9,12,7,5,11,12,19,11,1642618099549
19/01/2022,38900,10:48:20,0,17,10,9,10,14,7,8,1642618100550
19/01/2022,38901,10:48:21,5,15,8,5,10,16,11,8,1642618101555
19/01/2022,38902,10:48:22,8,12,10,6,11,15,13,8,1642618102556
19/01/2022,38903,10:48:23,3,8,10,7,11,16,19,4,1642618103566
19/01/2022,38904,10:48:24,4,13,10,4,9,13,8,17,1642618104575
19/01/2022,38905,10:48:25,3,16,7,8,11,11,8,6,1642618105575
19/01/2022,38906,10:48:26,7,13,9,5,11,10,12,17,1642618106580
19/01/2022,38907,10:48:27,0,11,7,10,10,13,16,18,1642618107591
19/01/2022,38908,10:48:28,3,8,9,9,10,15,9,9,1642618108591
19/01/2022,38909,10:48:29,9,15,15,8,9,16,13,9,1642618109592
19/01/2022,38910,10:48:30,9,10,7,7,11,15,7,17,1642618110593
19/01/2022,38911,10:48:31,5,10,15,5,10,11,11,11,1642618111594
19/01/2022,38912,10:48:32,9,15,13,5,9,15,15,10,1642618112595
19/01/2022,38913,10:48:33,10,13,12,9,9,12,8,4,1642618113597
19/01/2022,38914,10:48:34,6,11,8,10,11,12,18,6,1642618114605
19/01/2022,38915,10:48:35,4,13,15,9,9,12,18,9,1642618115620
19/01/2022,38916,10:48:36,0,10,11,9,9,14,16,7,1642618116630
19/01/2022,38917,10:48:37,7,13,15,9,9,10,19,15,1642618117631
19/01/2022,38918,10:48:38,9,12,12,9,11,15,15,13,1642618118635
19/01/2022,38919,10:48:39,10,10,7,8,9,15,8,7,1642618119648
19/01/2022,38920,10:48:40,7,11,15,7,9,11,17,5,1642618120657
19/01/2022,38921,10:48:41,10,9,9,5,11,13,10,18,1642618121665
19/01/2022,38922,10:48:42,10,11,10,8,10,14,12,18,1642618122672
19/01/2022,38923,10:48:43,2,16,8,9,11,14,8,14,1642618123673
19/01/2022,38924,10:48:44,9,14,10,7,11,14,8,15,1642618124675
19/01/2022,38925,10:48:45,5,15,9,4,10,12,17,7,1642618125683
19/01/2022,38926,10:48:46,2,10,13,7,10,16,16,4,1642618126692
19/01/2022,38927,10:48:47,9,8,7,9,10,10,19,18,1642618127694
19/01/2022,38928,10:48:48,1,18,12,10,10,14,11,18,1642618128695
19/01/2022,38929,10:48:49,7,13,15,9,10,10,15,13,1642618129696
19/01/2022,38930,10:48:50,5,15,9,8,11,16,12,12,1642618130697
19/01/2022,38931,10:48:51,8,11,13,4,10,12,19,7,1642618131704
19/01/2022,38932,10:48:52,4,13,10,4,10,16,12,7,1642618132712
19/01/2022,38933,10:48:53,0,15,12,6,10,16,11,18,1642618133714
19/01/2022,38934,10:48:54,5,12,12,8,10,12,13,7,1642618134721
19/01/2022,38935,10:48:55,2,9,8,5,9,16,10,16,1642618135725
19/01/2022,38936,10:48:56,2,18,9,6,11,13,12,8,1642618136739
19/01/2022,38937,10:48:57,0,8,7,5,9,12,13,13,1642618137744
19/01/2022,38938,10:48:58,2,17,10,6,10,14,12,11,1642618138751
19/01/2022,38939,10:48:59,9,13,12,9,11,13,19,17,1642618139760
19/01/2022,38940,10:49:00,2,17,9,4,10,11,7,15,1642618140760
19/01/2022,38941,10:49:01,8,9,9,9,10,16,9,5,1642618141762
19/01/2022,38942,10:49:02,10,14,9,5,10,14,7,5,1642618142768
19/01/2022,38943,10:49:03,9,14,11,5,11,16,15,6,1642618143780
19/01/2022,38944,10:49:04,3,8,13,7,10,10,15,14,1642618144781
19/01/2022,38945,10:49:05,9,15,12,6,9,12,8,8,1642618145785
19/01/2022,38946,10:49:06,1,17,15,7,9,10,14,16,1642618146786
19/01/2022,38947,10:49:07,7,8,15,5,10,12,17,11,1642618147798
19/01/2022,38948,10:49:08,4,13,10,9,10,16,7,17,1642618148808
19/01/2022,38949,10:49:09,2,8,11,6,11,15,9,14,1642618149822
19/01/2022,38950,10:49:10,4,14,9,10,9,11,9,7,1642618150831
19/01/2022,38951,10:49:11,2,11,15,6,11,16,16,13,1642618151831
19/01/2022,38952,10:49:12,8,12,7,4,10,16,8,9,1642618152840
19/01/2022,38953,10:49:13,8,11,15,7,10,13,17,16,1642618153841
19/01/2022,38954,10:49:14,9,12,14,10,11,13,10,13,1642618154858
19/01/2022,38955,10:49:15,8,8,10,10,10,11,10,4,1642618155859
19/01/2022,38956,10:49:16,9,14,13,9,10,16,14,5,1642618156860
19/01/2022,38957,10:49:17,3,13,10,7,10,11,8,10,1642618157862
19/01/2022,38958,10:49:18,10,14,13,4,9,14,13,14,1642618158872
19/01/2022,38959,10:49:19,8,10,13,10,10,13,19,15,1642618159879
19/01/2022,38960,10:49:20,1,17,7,6,9,11,17,8,1642618160880
19/01/2022,38961,10:49:21,1,9,10,7,9,15,18,17,1642618161888
19/01/2022,38962,10:49:22,4,17,11,4,9,14,9,9,1642618162896
19/01/2022,38963,10:49:23,7,9,13,8,9,13,17,15,1642618163897
19/01/2022,38964,10:49:24,0,18,8,7,11,13,15,8,1642618164908
19/01/2022,38965,10:49:25,7,14,14,4,10,10,10,8,1642618165918
19/01/2022,38966,10:49:26,2,12,10,8,9,13,8,9,1642618166920
19/01/2022,38967,10:49:27,9,14,7,6,11,11,7,10,1642618167921
19/01/2022,38968,10:49:28,9,18,11,5,11,15,18,14,1642618168928
19/01/2022,38969,10:49:29,0,8,14,5,11,11,10,12,1642618169930
19/01/2022,38970,10:49:30,3,13,15,5,11,14,10,11,1642618170937
19/01/2022,38971,10:49:31,0,11,7,10,9,11,17,10,1642618171945
19/01/2022,38972,10:49:32,6,16,8,8,9,13,9,6,1642618172953
19/01/2022,38973,10:49:33,8,9,7,7,10,16,10,18,1642618173953
19/01/2022,38974,10:49:34,4,12,13,5,10,13,13,12,1642618174966
19/01/2022,38975,10:49:35,8,11,15,7,11,16,15,11,1642618175974
19/01/2022,38976,10:49:36,0,16,11,4,11,14,14,9,1642618176990
19/01/2022,38978,10:49:38,4,17,8,6,11,13,17,10,1642618178014
19/01/2022,38979,10:49:39,1,11,8,4,9,15,18,18,1642618179015
19/01/2022,38980,10:49:40,5,15,13,7,11,10,19,15,1642618180016
19/01/2022,38981,10:49:41,7,14,12,10,10,13,11,17,1642618181018
19/01/2022,38982,10:49:42,1,12,8,6,11,11,8,16,1642618182018
19/01/2022,38983,10:49:43,4,8,14,10,11,16,19,11,1642618183019
19/01/2022,38984,10:49:44,5,8,8,6,10,15,19,8,1642618184021
19/01/2022,38985,10:49:45,8,18,9,10,9,10,19,11,1642618185033
19/01/2022,38986,10:49:46,8,16,10,5,11,14,18,16,1642618186045
19/01/2022,38987,10:49:47,7,15,7,8,10,14,10,18,1642618187048
19/01/2022,38988,10:49:48,4,10,10,7,9,15,13,18,1642618188058
19/01/2022,38989,10:49:49,9,12,8,5,9,11,19,9,1642618189058
19/01/2022,38990,10:49:50,9,8,10,6,10,11,10,7,1642618190066
19/01/2022,38991,10:49:51,1,9,8,9,11,16,19,8,1642618191072
19/01/2022,38992,10:49:52,7,13,15,5,9,13,11,15,1642618192080
19/01/2022,38993,10:49:53,2,11,9,7,11,16,12,4,1642618193083
19/01/2022,38994,10:49:54,10,14,15,7,11,14,7,14,1642618194091
19/01/2022,38995,10:49:55,9,16,9,4,9,15,15,15,1642618195099
19/01/2022,38996,10:49:56,2,11,13,4,11,14,11,9,1642618196116
19/01/2022,38997,10:49:57,3,14,8,8,11,14,10,17,1642618197118
19/01/2022,38998,10:49:58,3,16,9,6,9,10,10,16,1642618198119
19/01/2022,38999,10:49:59,4,9,12,10,11,16,10,16,1642618199119
19/01/2022,39000,10:50:00,0,11,15,5,11,14,7,6,1642618200120
19/01/2022,39001,10:50:01,8,8,11,4,11,10,16,17,1642618201120
19/01/2022,39002,10:50:02,1,15,8,4,11,10,9,18,1642618202121
19/01/2022,39003,10:50:03,4,12,11,9,11,16,9,14,1642618203129
19/01/2022,39004,10:50:04,3,16,13,8,11,13,13,10,1642618204133
19/01/2022,39005,10:50:05,8,17,10,7,9,12,9,8,1642618205134
19/01/2022,39006,10:50:06,4,17,15,6,10,14,10,10,1642618206139
19/01/2022,39007,10:50:07,6,12,8,6,9,15,12,14,1642618207140
19/01/2022,39008,10:50:08,6,11,10,5,11,11,12,18,1642618208140
19/01/2022,39009,10:50:09,0,17,12,10,11,14,12,11,1642618209142
19/01/2022,39010,10:50:10,9,15,9,4,11,12,12,4,1642618210150
19/01/2022,39011,10:50:11,2,15,8,10,11,16,9,6,1642618211151
19/01/2022,39012,10:50:12,3,9,7,8,10,10,17,17,1642618212159
19/01/2022,39013,10:50:13,10,13,15,8,11,13,18,14,1642618213166
19/01/2022,39014,10:50:14,10,10,15,6,9,12,17,13,1642618214167
19/01/2022,39015,10:50:15,8,16,11,8,9,14,18,7,1642618215178
19/01/2022,39016,10:50:16,1,12,15,4,11,13,15,9,1642618216179
19/01/2022,39017,10:50:17,0,14,15,6,9,12,14,12,1642618217181
19/01/2022,39018,10:50:18,2,13,11,9,11,16,14,4,1642618218181
19/01/2022,39019,10:50:19,0,11,10,9,10,14,7,9,1642618219185
19/01/2022,39020,10:50:20,4,11,12,5,9,12,12,18,1642618220192
19/01/2022,39021,10:50:21,4,17,15,8,10,14,14,14,1642618221197
19/01/2022,39022,10:50:22,5,16,11,9,11,12,11,12,1642618222205
19/01/2022,39023,10:50:23,7,10,15,9,9,13,18,9,1642618223211
19/01/2022,39024,10:50:24,2,11,10,6,10,10,15,16,1642618224221
19/01/2022,39025,10:50:25,4,9,13,6,10,14,17,17,1642618225231
19/01/2022,39026,10:50:26,7,10,14,9,11,12,14,11,1642618226233
19/01/2022,39027,10:50:27,2,10,15,9,9,11,19,5,1642618227235
19/01/2022,39028,10:50:28,7,9,14,9,10,16,14,9,1642618228235
19/01/2022,39029,10:50:29,1,17,13,9,9,13,7,15,1642618229235
19/01/2022,39030,10:50:30,9,16,9,7,10,14,18,16,1642618230251
19/01/2022,39031,10:50:31,0,12,7,9,9,14,16,17,1642618231260
19/01/2022,39032,10:50:32,1,16,14,5,10,14,8,14,1642618232273
19/01/2022,39033,10:50:33,3,11,7,10,9,10,13,18,1642618233279
19/01/2022,39034,10:50:34,10,11,9,10,11,16,15,11,1642618234294
19/01/2022,39035,10:50:35,0,14,10,4,11,11,14,13,1642618235304
19/01/2022,39036,10:50:36,7,16,8,7,11,16,13,8,1642618236305
19/01/2022,39037,10:50:37,8,18,8,9,11,10,11,13,1642618237306
19/01/2022,39038,10:50:38,9,14,12,6,10,13,11,16,1642618238315
19/01/2022,39039,10:50:39,0,11,7,9,11,14,12,5,1642618239315
19/01/2022,39040,10:50:40,9,15,7,4,9,12,11,10,1642618240328
19/01/2022,39041,10:50:41,2,9,13,5,11,13,10,16,1642618241331
19/01/2022,39042,10:50:42,6,16,8,5,10,10,8,14,1642618242333
19/01/2022,39043,10:50:43,0,8,14,10,11,11,12,12,1642618243345
19/01/2022,39044,10:50:44,4,10,13,8,10,11,15,16,1642618244353
19/01/2022,39045,10:50:45,4,14,9,4,10,15,14,5,1642618245354
19/01/2022,39046,10:50:46,2,13,14,7,9,16,9,11,1642618246362
19/01/2022,39047,10:50:47,7,9,14,9,9,12,18,7,1642618247365
19/01/2022,39048,10:50:48,4,12,12,5,10,15,9,4,1642618248374
19/01/2022,39049,10:50:49,10,18,13,10,9,13,11,10,1642618249382
19/01/2022,39050,10:50:50,3,9,7,6,10,15,16,11,1642618250389
19/01/2022,39051,10:50:51,10,15,15,7,11,11,17,9,1642618251391
19/01/2022,39052,10:50:52,9,13,13,6,9,11,18,18,1642618252393
19/01/2022,39053,10:50:53,6,16,12,4,11,15,13,5,1642618253397
19/01/2022,39054,10:50:54,2,12,15,8,10,13,12,9,1642618254414
19/01/2022,39055,10:50:55,7,18,15,8,9,15,15,13,1642618255415
19/01/2022,39056,10:50:56,1,11,9,5,10,16,18,13,1642618256422
19/01/2022,39057,10:50:57,0,16,13,6,9,15,7,7,1642618257430
19/01/2022,39058,10:50:58,3,13,13,7,10,13,8,15,1642618258432
19/01/2022,39059,10:50:59,9,10,13,5,11,16,16,6,1642618259433
19/01/2022,39060,10:51:00,5,17,7,7,9,15,15,18,1642618260440
19/01/2022,39061,10:51:01,7,10,12,4,9,11,14,7,1642618261450
19/01/2022,39062,10:51:02,5,9,9,7,11,10,13,4,1642618262458
19/01/2022,39063,10:51:03,10,15,7,9,9,11,7,16,1642618263467
19/01/2022,39064,10:51:04,0,12,14,6,11,14,13,13,1642618264491
19/01/2022,39065,10:51:05,6,10,15,6,11,16,13,10,1642618265518
19/01/2022,39066,10:51:06,7,11,14,7,9,16,8,9,1642618266519
19/01/2022,39067,10:51:07,3,14,13,8,10,13,16,17,1642618267528
19/01/2022,39068,10:51:08,6,12,10,8,9,15,12,5,1642618268548
19/01/2022,39069,10:51:09,8,17,13,9,11,16,13,15,1642618269557
19/01/2022,39070,10:51:10,7,16,14,9,10,16,11,11,1642618270566
19/01/2022,39071,10:51:11,9,15,8,9,11,12,12,17,1642618271574
19/01/2022,39072,10:51:12,5,9,13,8,11,10,14,12,1642618272579
19/01/2022,39073,10:51:13,1,9,14,10,11,10,8,16,1642618273586
19/01/2022,39074,10:51:14,4,14,11,6,9,10,15,17,1642618274590
19/01/2022,39075,10:51:15,8,16,12,7,11,13,19,12,1642618275602
19/01/2022,39076,10:51:16,9,13,12,8,9,13,19,5,1642618276602
19/01/2022,39077,10:51:17,0,8,13,9,9,15,17,13,1642618277604
19/01/2022,39078,10:51:18,10,17,11,6,10,10,12,6,1642618278604
19/01/2022,39079,10:51:19,3,18,9,7,10,11,11,15,1642618279605
19/01/2022,39080,10:51:20,8,9,9,6,9,11,18,17,1642618280607
19/01/2022,39081,10:51:21,10,16,14,9,11,15,7,15,1642618281614
19/01/2022,39082,10:51:22,0,10,14,7,11,10,9,11,1642618282615
19/01/2022,39083,10:51:23,10,18,8,10,10,10,17,13,1642618283627
19/01/2022,39084,10:51:24,6,18,15,9,10,12,15,13,1642618284640
19/01/2022,39085,10:51:25,0,12,14,10,9,11,7,8,1642618285645
19/01/2022,39086,10:51:26,6,10,7,6,9,16,9,12,1642618286646
19/01/2022,39087,10:51:27,0,9,10,5,9,14,18,13,1642618287647
19/01/2022,39088,10:51:28,4,9,14,7,9,14,13,7,1642618288648
19/01/2022,39089,10:51:29,10,18,11,10,10,13,12,13,1642618289655
19/01/2022,39090,10:51:30,6,8,11,6,11,16,17,9,1642618290664
19/01/2022,39091,10:51:31,9,9,7,7,10,13,15,16,1642618291665
19/01/2022,39092,10:51:32,0,14,8,4,9,10,17,14,1642618292672
19/01/2022,39093,10:51:33,8,11,9,9,10,10,19,18,1642618293678
19/01/2022,39094,10:51:34,3,12,11,8,9,15,13,8,1642618294694
19/01/2022,39095,10:51:35,6,13,10,5,9,15,9,13,1642618295695
19/01/2022,39096,10:51:36,6,11,8,9,11,14,12,10,1642618296695
19/01/2022,39097,10:51:37,6,16,9,6,10,15,7,4,1642618297697
19/01/2022,39098,10:51:38,2,15,7,7,10,12,18,11,1642618298698
19/01/2022,39099,10:51:39,10,18,14,6,11,16,19,10,1642618299701
19/01/2022,39100,10:51:40,4,12,12,7,10,16,15,16,1642618300711
19/01/2022,39101,10:51:41,7,18,8,4,10,16,17,6,1642618301711
19/01/2022,39102,10:51:42,0,18,8,10,11,14,16,16,1642618302722
19/01/2022,39103,10:51:43,2,18,11,7,11,14,7,14,1642618303726
19/01/2022,39104,10:51:44,3,17,8,6,11,10,18,12,1642618304732
19/01/2022,39105,10:51:45,10,8,15,8,9,12,15,7,1642618305746
19/01/2022,39106,10:51:46,1,8,15,4,11,12,16,16,1642618306760
19/01/2022,39107,10:51:47,0,16,15,5,10,14,10,5,1642618307766
19/01/2022,39108,10:51:48,8,18,9,5,11,11,11,15,1642618308769
19/01/2022,39109,10:51:49,10,17,13,4,10,12,10,7,1642618309772
19/01/2022,39110,10:51:50,2,17,12,9,9,13,10,15,1642618310775
19/01/2022,39111,10:51:51,0,9,14,9,9,15,10,6,1642618311778
19/01/2022,39112,10:51:52,2,13,12,9,9,12,12,6,1642618312781
19/01/2022,39113,10:51:53,4,14,9,7,10,15,14,15,1642618313784
19/01/2022,39114,10:51:54,2,12,15,8,9,12,10,16,1642618314784
19/01/2022,39115,10:51:55,7,16,13,6,9,10,15,12,1642618315784
19/01/2022,39116,10:51:56,6,10,12,8,9,14,8,8,1642618316790
19/01/2022,39117,10:51:57,1,14,7,10,9,16,12,15,1642618317799
19/01/2022,39118,10:51:58,5,16,13,5,9,11,18,10,1642618318809
19/01/2022,39119,10:51:59,7,18,12,6,9,11,14,12,1642618319828
19/01/2022,39120,10:52:00,4,16,7,5,11,12,16,16,1642618320839
19/01/2022,39121,10:52:01,7,16,12,6,10,15,14,17,1642618321847
19/01/2022,39122,10:52:02,0,11,15,9,11,12,11,11,1642618322861
19/01/2022,39123,10:52:03,9,18,13,4,9,11,14,17,1642618323867
19/01/2022,39124,10:52:04,0,12,11,8,10,10,18,18,1642618324873
19/01/2022,39125,10:52:05,2,13,9,8,10,10,19,15,1642618325889
19/01/2022,39126,10:52:06,8,11,10,10,11,13,12,6,1642618326900
19/01/2022,39127,10:52:07,10,18,15,7,9,13,15,9,1642618327923
19/01/2022,39128,10:52:08,1,8,7,5,11,14,8,7,1642618328941
19/01/2022,39129,10:52:09,5,12,11,5,9,16,19,15,1642618329979
19/01/2022,39131,10:52:11,2,16,7,6,9,11,8,9,1642618331017
19/01/2022,39132,10:52:12,9,8,15,5,10,15,17,7,1642618332049
19/01/2022,39133,10:52:13,3,12,11,6,9,15,9,13,1642618333088
19/01/2022,39134,10:52:14,10,18,11,9,11,16,12,8,1642618334125
19/01/2022,39135,10:52:15,1,10,15,5,11,10,8,6,1642618335159
19/01/2022,39136,10:52:16,0,15,13,7,11,16,16,9,1642618336205
19/01/2022,39137,10:52:17,8,9,12,5,10,16,18,16,1642618337242
19/01/2022,39138,10:52:18,6,8,7,6,9,13,7,12,1642618338281
19/01/2022,39139,10:52:19,5,13,13,6,10,16,14,13,1642618339325
19/01/2022,39140,10:52:20,6,12,8,7,9,11,19,17,1642618340364
19/01/2022,39141,10:52:21,9,13,12,7,11,15,7,9,1642618341404
19/01/2022,39142,10:52:22,6,17,10,8,10,12,10,13,1642618342420
19/01/2022,39143,10:52:23,6,14,10,9,10,15,8,6,1642618343435
19/01/2022,39144,10:52:24,0,13,13,7,10,13,9,11,1642618344447
19/01/2022,39145,10:52:25,0,16,12,5,11,16,12,4,1642618345456
19/01/2022,39146,10:52:26,5,11,13,6,11,15,15,13,1642618346468
19/01/2022,39147,10:52:27,3,10,8,6,10,13,14,7,1642618347473
19/01/2022,39148,10:52:28,0,8,15,4,10,10,18,16,1642618348485
19/01/2022,39149,10:52:29,3,18,9,9,11,10,10,4,1642618349507
19/01/2022,39150,10:52:30,7,15,12,7,9,14,17,9,1642618350512
19/01/2022,39151,10:52:31,10,13,14,10,10,11,17,9,1642618351521
19/01/2022,39152,10:52:32,2,11,11,10,9,11,8,5,1642618352540
19/01/2022,39153,10:52:33,7,18,9,5,9,15,8,4,1642618353557
19/01/2022,39154,10:52:34,1,13,8,5,9,12,10,16,1642618354567
19/01/2022,39155,10:52:35,8,9,11,5,9,11,19,9,1642618355578
19/01/2022,39156,10:52:36,4,17,10,8,9,16,12,13,1642618356595
19/01/2022,39157,10:52:37,5,17,8,10,9,12,9,10,1642618357605
19/01/2022,39158,10:52:38,2,13,8,6,10,16,18,9,1642618358624
19/01/2022,39159,10:52:39,9,15,15,6,9,14,18,17,1642618359645
19/01/2022,39160,10:52:40,7,11,14,10,10,16,18,13,1642618360741
19/01/2022,39161,10:52:41,1,14,10,7,10,11,17,10,1642618361766
19/01/2022,39162,10:52:42,9,12,7,9,9,14,14,8,1642618362787
19/01/2022,39163,10:52:43,1,14,7,10,11,13,10,5,1642618363813
19/01/2022,39164,10:52:44,5,18,7,8,10,14,13,11,1642618364826
19/01/2022,39165,10:52:45,7,13,10,7,10,14,10,10,1642618365845
19/01/2022,39166,10:52:46,4,13,11,10,9,14,18,17,1642618366863
19/01/2022,39167,10:52:47,0,10,13,4,9,13,18,10,1642618367881
19/01/2022,39168,10:52:48,6,17,11,4,10,11,7,18,1642618368894
19/01/2022,39169,10:52:49,10,14,11,8,9,15,14,6,1642618369906
19/01/2022,39170,10:52:50,4,9,11,7,9,13,18,10,1642618370917
19/01/2022,39171,10:52:51,5,8,8,8,10,16,18,10,1642618371930
19/01/2022,39172,10:52:52,10,12,9,7,11,12,19,12,1642618372938
19/01/2022,39173,10:52:53,3,16,15,5,11,15,14,15,1642618373952
19/01/2022,39174,10:52:54,6,14,9,6,9,10,18,18,1642618374966
19/01/2022,39175,10:52:55,8,13,10,6,9,13,14,12,1642618375986
19/01/2022,39177,10:52:57,8,15,13,6,11,14,8,12,1642618377004
19/01/2022,39178,10:52:58,9,8,8,4,10,14,9,12,1642618378027
19/01/2022,39179,10:52:59,7,18,8,6,10,10,19,18,1642618379041
19/01/2022,39180,10:53:00,4,11,11,7,10,15,7,18,1642618380060
19/01/2022,39181,10:53:01,5,12,12,6,10,10,7,13,1642618381075
19/01/2022,39182,10:53:02,7,13,12,9,10,14,16,14,1642618382095
19/01/2022,39183,10:53:03,2,8,14,10,9,11,14,14,1642618383107
19/01/2022,39184,10:53:04,3,17,11,6,10,12,13,9,1642618384123
19/01/2022,39185,10:53:05,5,11,12,4,11,11,10,18,1642618385141
19/01/2022,39186,10:53:06,10,13,15,5,9,16,8,8,1642618386152
19/01/2022,39187,10:53:07,6,13,15,4,9,16,9,10,1642618387172
19/01/2022,39188,10:53:08,0,14,14,10,10,15,18,5,1642618388198
19/01/2022,39189,10:53:09,9,11,7,7,11,10,10,8,1642618389213
19/01/2022,39190,10:53:10,2,15,7,9,9,11,9,17,1642618390227
19/01/2022,39191,10:53:11,9,9,14,5,10,15,9,8,1642618391249
19/01/2022,39192,10:53:12,10,17,7,4,10,15,13,4,1642618392267
19/01/2022,39193,10:53:13,8,11,10,5,9,15,12,10,1642618393278
19/01/2022,39194,10:53:14,5,12,12,5,10,16,11,15,1642618394293
19/01/2022,39195,10:53:15,3,12,13,4,9,14,18,17,1642618395304
19/01/2022,39196,10:53:16,9,16,11,8,11,13,11,6,1642618396316
19/01/2022,39197,10:53:17,2,13,10,7,9,10,10,7,1642618397335
19/01/2022,39198,10:53:18,0,12,11,6,9,16,17,14,1642618398346
19/01/2022,39199,10:53:19,7,16,9,10,10,12,18,16,1642618399365
19/01/2022,39200,10:53:20,5,10,11,8,11,15,13,5,1642618400383
19/01/2022,39201,10:53:21,3,17,12,8,9,15,7,8,1642618401395
19/01/2022,39202,10:53:22,10,15,10,6,9,11,15,11,1642618402408
19/01/2022,39203,10:53:23,5,13,11,5,9,14,7,9,1642618403421
19/01/2022,39204,10:53:24,8,17,10,10,11,11,16,10,1642618404440
19/01/2022,39205,10:53:25,9,15,15,9,11,15,9,15,1642618405448
19/01/2022,39206,10:53:26,4,16,12,10,10,16,16,18,1642618406474
19/01/2022,39207,10:53:27,6,14,10,6,10,14,8,10,1642618407486
19/01/2022,39208,10:53:28,8,14,8,7,10,16,12,8,1642618408503
19/01/2022,39209,10:53:29,6,18,15,7,10,16,13,17,1642618409520
19/01/2022,39210,10:53:30,9,9,8,5,9,13,17,11,1642618410544
19/01/2022,39211,10:53:31,10,9,12,6,10,11,18,7,1642618411555
19/01/2022,39212,10:53:32,0,17,12,6,10,13,7,9,1642618412564
19/01/2022,39213,10:53:33,3,16,15,8,9,10,18,12,1642618413577
19/01/2022,39214,10:53:34,7,14,7,8,11,13,12,7,1642618414587
19/01/2022,39215,10:53:35,7,10,15,7,9,16,19,9,1642618415596
19/01/2022,39216,10:53:36,2,18,13,10,10,15,9,11,1642618416611
19/01/2022,39217,10:53:37,6,8,9,7,10,12,13,14,1642618417630
19/01/2022,39218,10:53:38,9,16,8,9,10,16,13,15,1642618418642
19/01/2022,39219,10:53:39,9,10,12,4,10,11,11,11,1642618419660
19/01/2022,39220,10:53:40,1,17,14,10,10,15,13,15,1642618420682
19/01/2022,39221,10:53:41,1,17,7,9,9,14,12,14,1642618421702
19/01/2022,39222,10:53:42,0,18,14,9,11,15,12,5,1642618422711
19/01/2022,39223,10:53:43,3,13,11,9,9,16,12,18,1642618423721
19/01/2022,39224,10:53:44,4,13,8,7,9,16,8,6,1642618424729
19/01/2022,39225,10:53:45,10,12,11,9,10,13,11,5,1642618425740
19/01/2022,39226,10:53:46,4,10,7,6,11,13,8,8,1642618426752
19/01/2022,39227,10:53:47,6,14,14,6,9,11,13,16,1642618427771
19/01/2022,39228,10:53:48,5,8,12,7,11,14,17,4,1642618428789
19/01/2022,39229,10:53:49,9,11,15,10,11,12,8,7,1642618429803
19/01/2022,39230,10:53:50,8,12,8,4,11,10,16,8,1642618430812
19/01/2022,39231,10:53:51,8,11,13,8,9,15,12,16,1642618431833
19/01/2022,39232,10:53:52,9,8,10,9,9,16,18,15,1642618432853
19/01/2022,39233,10:53:53,8,15,7,8,10,10,18,6,1642618433868
19/01/2022,39234,10:53:54,9,13,12,8,10,12,11,9,1642618434881
19/01/2022,39235,10:53:55,0,9,15,7,9,11,10,12,1642618435898
19/01/2022,39236,10:53:56,2,11,11,5,11,15,13,12,1642618436917
19/01/2022,39237,10:53:57,10,13,12,6,11,16,9,17,1642618437931
19/01/2022,39238,10:53:58,4,13,7,6,11,11,12,11,1642618438943
19/01/2022,39239,10:53:59,8,16,13,4,11,11,14,17,1642618439944
19/01/2022,39240,10:54:00,3,11,10,4,11,14,16,6,1642618440954
19/01/2022,39241,10:54:01,0,15,8,9,11,11,7,12,1642618441957
19/01/2022,39242,10:54:02,5,8,13,8,11,14,18,17,1642618442958
19/01/2022,39243,10:54:03,3,18,14,8,9,16,18,12,1642618443959
19/01/2022,39244,10:54:04,1,17,10,10,11,12,9,6,1642618444971
19/01/2022,39245,10:54:05,0,17,12,8,10,12,16,14,1642618445987
19/01/2022,39246,10:54:06,3,18,9,4,9,15,8,10,1642618446997
19/01/2022,39248,10:54:08,10,17,14,4,11,12,19,17,1642618448005
19/01/2022,39249,10:54:09,3,17,11,5,9,11,19,15,1642618449013
19/01/2022,39250,10:54:10,3,18,7,8,10,14,9,11,1642618450030
19/01/2022,39251,10:54:11,0,9,8,7,11,16,12,11,1642618451041
19/01/2022,39252,10:54:12,9,15,11,7,10,11,16,10,1642618452049
19/01/2022,39253,10:54:13,2,9,8,10,11,13,19,9,1642618453056
19/01/2022,39254,10:54:14,4,12,9,5,9,16,18,17,1642618454067
19/01/2022,39255,10:54:15,0,15,10,9,10,12,7,8,1642618455077
19/01/2022,39256,10:54:16,9,14,14,10,10,16,11,15,1642618456091
19/01/2022,39257,10:54:17,2,12,15,4,10,12,8,5,1642618457107
19/01/2022,39258,10:54:18,9,18,12,4,11,15,16,10,1642618458120
19/01/2022,39259,10:54:19,0,13,9,10,10,10,16,6,1642618459127
19/01/2022,39260,10:54:20,6,10,10,10,9,10,8,4,1642618460141
19/01/2022,39261,10:54:21,8,15,8,9,9,16,10,6,1642618461149
19/01/2022,39262,10:54:22,3,16,8,10,10,11,18,10,1642618462159
19/01/2022,39263,10:54:23,1,12,14,5,9,12,12,13,1642618463171
19/01/2022,39264,10:54:24,2,15,13,10,9,16,16,13,1642618464182
19/01/2022,39265,10:54:25,5,8,11,8,11,14,14,12,1642618465205
19/01/2022,39266,10:54:26,4,16,8,8,11,14,9,18,1642618466215
19/01/2022,39267,10:54:27,10,8,7,9,9,15,7,4,1642618467229
19/01/2022,39268,10:54:28,2,17,10,7,9,13,11,15,1642618468238
19/01/2022,39269,10:54:29,6,16,9,6,11,10,10,14,1642618469248
19/01/2022,39270,10:54:30,0,15,8,7,10,14,12,5,1642618470263
19/01/2022,39271,10:54:31,3,9,14,8,10,13,16,12,1642618471279
19/01/2022,39272,10:54:32,4,18,13,7,10,10,9,10,1642618472296
19/01/2022,39273,10:54:33,4,8,13,9,11,15,9,8,1642618473310
19/01/2022,39274,10:54:34,6,8,10,6,9,14,8,16,1642618474315
19/01/2022,39275,10:54:35,8,14,7,4,9,10,11,15,1642618475335
19/01/2022,39276,10:54:36,2,9,10,7,9,13,16,16,1642618476344
19/01/2022,39277,10:54:37,6,12,10,6,10,11,15,13,1642618477354
19/01/2022,39278,10:54:38,4,10,10,7,10,16,9,18,1642618478363
19/01/2022,39279,10:54:39,4,17,11,9,9,16,12,10,1642618479372
19/01/2022,39280,10:54:40,8,16,13,5,10,14,12,13,1642618480382
19/01/2022,39281,10:54:41,3,17,10,4,9,16,13,11,1642618481391
19/01/2022,39282,10:54:42,10,11,8,10,9,16,9,16,1642618482401
19/01/2022,39283,10:54:43,10,12,9,8,10,12,16,14,1642618483402
19/01/2022,39284,10:54:44,2,15,7,8,10,10,13,13,1642618484404
19/01/2022,39285,10:54:45,0,17,14,10,11,11,9,17,1642618485405
19/01/2022,39286,10:54:46,3,14,13,5,9,14,12,13,1642618486406
19/01/2022,39287,10:54:47,4,15,7,7,9,13,17,14,1642618487408
19/01/2022,39288,10:54:48,3,8,12,4,11,12,7,13,1642618488410
19/01/2022,39289,10:54:49,4,18,7,5,10,13,10,17,1642618489412
19/01/2022,39290,10:54:50,6,18,13,10,9,15,14,9,1642618490415
19/01/2022,39291,10:54:51,1,14,8,10,11,13,17,13,1642618491417
19/01/2022,39292,10:54:52,2,17,11,7,10,15,13,16,1642618492436
19/01/2022,39293,10:54:53,7,14,13,10,10,15,14,14,1642618493447
19/01/2022,39294,10:54:54,5,17,8,4,11,16,9,16,1642618494447
19/01/2022,39295,10:54:55,8,11,9,10,11,14,12,10,1642618495450
19/01/2022,39296,10:54:56,9,11,9,6,11,13,11,4,1642618496450
19/01/2022,39297,10:54:57,2,11,15,4,10,14,16,18,1642618497458
19/01/2022,39298,10:54:58,9,9,15,8,9,16,16,17,1642618498461
19/01/2022,39299,10:54:59,6,14,8,5,9,11,8,14,1642618499470
19/01/2022,39300,10:55:00,6,14,9,6,10,13,9,4,1642618500480
19/01/2022,39301,10:55:01,5,10,13,6,10,12,19,9,1642618501489
19/01/2022,39302,10:55:02,5,8,12,6,9,16,17,9,1642618502499
19/01/2022,39303,10:55:03,2,9,9,7,11,10,18,8,1642618503500
19/01/2022,39304,10:55:04,1,8,12,6,9,14,7,12,1642618504501
19/01/2022,39305,10:55:05,7,8,10,5,10,11,14,13,1642618505502
19/01/2022,39306,10:55:06,9,11,8,8,10,12,8,8,1642618506503
19/01/2022,39307,10:55:07,10,11,11,7,11,12,11,9,1642618507505
19/01/2022,39308,10:55:08,8,12,12,9,10,15,11,12,1642618508509
19/01/2022,39309,10:55:09,9,17,13,7,9,15,17,6,1642618509518
19/01/2022,39310,10:55:10,2,15,13,10,9,14,14,14,1642618510528
19/01/2022,39311,10:55:11,4,12,11,9,10,10,18,17,1642618511537
19/01/2022,39312,10:55:12,2,18,12,4,11,13,12,16,1642618512547
19/01/2022,39313,10:55:13,3,14,15,4,9,14,14,12,1642618513548
19/01/2022,39314,10:55:14,10,9,15,10,11,15,14,14,1642618514550
19/01/2022,39315,10:55:15,6,13,13,5,9,16,13,18,1642618515560
19/01/2022,39316,10:55:16,7,11,7,10,10,11,19,4,1642618516562
19/01/2022,39317,10:55:17,8,17,12,9,9,14,16,11,1642618517564
19/01/2022,39318,10:55:18,5,9,10,6,9,15,15,13,1642618518568
19/01/2022,39319,10:55:19,3,18,12,6,10,15,10,11,1642618519577
19/01/2022,39320,10:55:20,1,14,14,10,10,12,11,7,1642618520587
19/01/2022,39321,10:55:21,3,8,14,7,11,14,17,12,1642618521596
19/01/2022,39322,10:55:22,9,13,12,5,10,12,13,4,1642618522606
19/01/2022,39323,10:55:23,1,15,10,10,10,13,19,15,1642618523606
19/01/2022,39324,10:55:24,0,13,12,5,9,11,19,18,1642618524607
19/01/2022,39325,10:55:25,1,12,7,5,9,10,8,7,1642618525607
19/01/2022,39326,10:55:26,10,12,10,5,11,14,9,15,1642618526608
19/01/2022,39327,10:55:27,0,17,12,5,10,15,17,6,1642618527618
19/01/2022,39328,10:55:28,0,10,13,10,9,14,19,16,1642618528622
19/01/2022,39329,10:55:29,6,13,10,7,9,15,12,13,1642618529622
19/01/2022,39330,10:55:30,6,18,8,7,9,16,7,7,1642618530623
19/01/2022,39331,10:55:31,0,10,14,4,10,16,12,8,1642618531623
19/01/2022,39332,10:55:32,7,14,8,7,10,11,14,16,1642618532624
19/01/2022,39333,10:55:33,3,16,13,4,10,14,7,14,1642618533626
19/01/2022,39334,10:55:34,9,8,10,9,10,12,10,15,1642618534627
19/01/2022,39335,10:55:35,4,11,15,6,10,15,9,6,1642618535628
19/01/2022,39336,10:55:36,6,10,9,10,11,15,14,18,1642618536628
19/01/2022,39337,10:55:37,10,12,14,10,11,13,18,6,1642618537630
19/01/2022,39338,10:55:38,10,13,14,7,10,15,11,8,1642618538640
19/01/2022,39339,10:55:39,0,12,13,4,9,13,7,18,1642618539650
19/01/2022,39340,10:55:40,0,17,10,7,9,16,10,5,1642618540670
19/01/2022,39341,10:55:41,8,8,8,7,9,11,19,16,1642618541670
19/01/2022,39342,10:55:42,5,12,11,5,10,12,19,13,1642618542670
19/01/2022,39343,10:55:43,4,15,13,4,9,15,7,14,1642618543672
19/01/2022,39344,10:55:44,8,14,7,5,10,10,10,4,1642618544682
19/01/2022,39345,10:55:45,9,13,15,4,10,11,14,17,1642618545682
19/01/2022,39346,10:55:46,1,18,7,9,11,10,17,6,1642618546691
19/01/2022,39347,10:55:47,3,11,13,9,10,10,19,17,1642618547704
19/01/2022,39348,10:55:48,4,12,8,5,10,14,7,5,1642618548717
19/01/2022,39349,10:55:49,10,18,12,4,11,10,8,4,1642618549735
19/01/2022,39350,10:55:50,7,16,8,7,10,12,12,10,1642618550755
19/01/2022,39351,10:55:51,10,10,11,4,11,11,14,9,1642618551775
19/01/2022,39352,10:55:52,0,14,7,4,9,16,12,6,1642618552783
19/01/2022,39353,10:55:53,9,11,7,8,9,13,9,7,1642618553793
19/01/2022,39354,10:55:54,8,12,14,7,10,13,8,13,1642618554801
19/01/2022,39355,10:55:55,7,18,12,7,10,13,17,14,1642618555809
19/01/2022,39356,10:55:56,5,16,8,8,9,10,15,17,1642618556833
19/01/2022,39357,10:55:57,5,13,15,4,11,16,19,10,1642618557852
19/01/2022,39358,10:55:58,2,9,10,9,10,10,7,16,1642618558868
19/01/2022,39359,10:55:59,8,9,11,10,9,12,17,6,1642618559886
19/01/2022,39360,10:56:00,4,16,7,6,10,13,16,16,1642618560901
19/01/2022,39361,10:56:01,9,16,15,7,10,14,15,17,1642618561929
19/01/2022,39362,10:56:02,4,14,15,5,11,11,13,8,1642618562945
19/01/2022,39363,10:56:03,4,8,11,5,10,12,17,6,1642618563981
19/01/2022,39365,10:56:05,7,10,7,6,11,13,8,4,1642618565004
19/01/2022,39366,10:56:06,9,14,13,5,9,12,12,5,1642618566049
19/01/2022,39367,10:56:07,5,9,15,6,9,12,14,16,1642618567126
19/01/2022,39368,10:56:08,5,13,15,9,10,16,12,16,1642618568216
19/01/2022,39369,10:56:09,6,15,15,7,11,10,12,10,1642618569251
19/01/2022,39370,10:56:10,10,10,14,8,9,10,11,7,1642618570294
19/01/2022,39371,10:56:11,1,15,10,5,10,13,18,13,1642618571311
19/01/2022,39372,10:56:12,4,10,9,8,11,15,18,6,1642618572337
19/01/2022,39373,10:56:13,8,14,15,8,9,14,16,9,1642618573351
19/01/2022,39374,10:56:14,5,13,10,9,10,14,9,9,1642618574369
19/01/2022,39375,10:56:15,7,14,9,5,10,10,9,12,1642618575391
19/01/2022,39376,10:56:16,3,8,15,5,10,13,13,16,1642618576408
19/01/2022,39377,10:56:17,10,9,13,4,9,12,14,10,1642618577417
19/01/2022,39378,10:56:18,5,11,10,4,11,13,17,14,1642618578425
19/01/2022,39379,10:56:19,4,18,8,9,9,12,13,17,1642618579441
19/01/2022,39380,10:56:20,1,18,9,5,11,16,17,13,1642618580460
19/01/2022,39381,10:56:21,6,14,11,10,9,10,8,6,1642618581469
19/01/2022,39382,10:56:22,0,14,13,5,10,12,9,13,1642618582490
19/01/2022,39383,10:56:23,6,17,8,8,9,11,17,15,1642618583511
19/01/2022,39384,10:56:24,0,11,11,10,9,15,9,4,1642618584526
19/01/2022,39385,10:56:25,0,17,12,10,11,15,19,4,1642618585547
19/01/2022,39386,10:56:26,1,9,12,4,9,14,11,16,1642618586561
19/01/2022,39387,10:56:27,10,10,9,7,9,11,18,5,1642618587569
19/01/2022,39388,10:56:28,7,13,8,10,9,10,18,6,1642618588578
19/01/2022,39389,10:56:29,4,9,8,7,9,13,16,6,1642618589599
19/01/2022,39390,10:56:30,9,12,8,10,9,11,14,10,1642618590618
19/01/2022,39391,10:56:31,2,10,10,8,10,15,9,5,1642618591638
19/01/2022,39392,10:56:32,10,9,12,4,10,10,16,7,1642618592658
19/01/2022,39393,10:56:33,3,8,12,7,9,12,11,17,1642618593675
19/01/2022,39394,10:56:34,10,10,10,10,9,11,14,4,1642618594685
19/01/2022,39395,10:56:35,6,15,12,9,11,15,15,12,1642618595704
19/01/2022,39396,10:56:36,2,15,7,7,10,13,17,13,1642618596727
19/01/2022,39397,10:56:37,7,16,9,8,11,13,16,17,1642618597748
19/01/2022,39398,10:56:38,2,8,9,10,9,12,16,10,1642618598759
19/01/2022,39399,10:56:39,5,11,14,8,9,15,19,7,1642618599773
19/01/2022,39400,10:56:40,1,11,12,9,9,16,11,4,1642618600788
19/01/2022,39401,10:56:41,10,12,11,10,11,12,14,15,1642618601807
19/01/2022,39402,10:56:42,2,12,12,10,9,16,13,18,1642618602815
19/01/2022,39403,10:56:43,1,14,9,10,11,13,19,11,1642618603829
19/01/2022,39404,10:56:44,6,15,8,9,10,13,15,10,1642618604851
19/01/2022,39405,10:56:45,9,14,10,9,9,11,11,6,1642618605864
19/01/2022,39406,10:56:46,10,9,9,9,10,14,14,11,1642618606878
19/01/2022,39407,10:56:47,3,17,7,5,11,12,18,17,1642618607897
19/01/2022,39408,10:56:48,9,14,15,9,11,10,12,12,1642618608924
19/01/2022,39409,10:56:49,3,18,10,7,10,14,13,8,1642618609937
19/01/2022,39410,10:56:50,2,10,14,4,11,11,7,18,1642618610957
19/01/2022,39411,10:56:51,6,9,12,7,11,10,10,10,1642618611979
19/01/2022,39412,10:56:52,8,16,11,10,10,15,19,8,1642618612996
19/01/2022,39414,10:56:54,8,10,15,6,10,13,8,4,1642618614006
19/01/2022,39415,10:56:55,3,17,9,4,10,13,14,14,1642618615020
19/01/2022,39416,10:56:56,5,18,14,7,10,11,8,15,1642618616039
19/01/2022,39417,10:56:57,6,11,13,7,9,15,19,4,1642618617045
19/01/2022,39418,10:56:58,2,8,7,5,11,10,7,17,1642618618060
19/01/2022,39419,10:56:59,5,13,12,10,9,16,15,11,1642618619069
19/01/2022,39420,10:57:00,9,15,12,7,9,13,7,5,1642618620079
19/01/2022,39421,10:57:01,10,9,15,5,11,13,12,12,1642618621090
19/01/2022,39422,10:57:02,7,16,8,9,9,12,16,9,1642618622103
19/01/2022,39423,10:57:03,8,11,9,7,11,15,11,4,1642618623118
19/01/2022,39424,10:57:04,4,15,11,7,10,10,15,9,1642618624124
19/01/2022,39425,10:57:05,2,13,12,10,10,11,12,11,1642618625131
19/01/2022,39426,10:57:06,6,12,7,5,9,16,17,12,1642618626145
19/01/2022,39427,10:57:07,8,13,14,7,10,10,12,7,1642618627159
19/01/2022,39428,10:57:08,6,14,13,9,10,10,8,10,1642618628181
19/01/2022,39429,10:57:09,2,12,10,7,11,16,13,8,1642618629201
19/01/2022,39430,10:57:10,1,15,9,5,10,10,12,18,1642618630215
19/01/2022,39431,10:57:11,9,8,8,4,11,15,18,7,1642618631225
19/01/2022,39432,10:57:12,10,10,11,8,11,12,16,11,1642618632225
19/01/2022,39433,10:57:13,10,10,8,4,10,14,19,4,1642618633235
19/01/2022,39434,10:57:14,1,10,14,10,9,11,11,5,1642618634236
19/01/2022,39435,10:57:15,5,14,12,5,9,15,10,12,1642618635237
19/01/2022,39436,10:57:16,2,15,10,7,11,12,12,13,1642618636237
19/01/2022,39437,10:57:17,1,11,13,8,11,10,19,16,1642618637247
19/01/2022,39438,10:57:18,6,12,11,10,11,15,14,14,1642618638257
19/01/2022,39439,10:57:19,4,13,7,5,10,12,16,18,1642618639266
19/01/2022,39440,10:57:20,2,17,13,5,10,15,7,4,1642618640276
19/01/2022,39441,10:57:21,10,9,12,4,10,12,18,6,1642618641285
19/01/2022,39442,10:57:22,3,18,12,4,10,16,15,16,1642618642295
19/01/2022,39443,10:57:23,9,10,12,7,10,15,17,14,1642618643304
19/01/2022,39444,10:57:24,0,12,7,6,9,14,19,15,1642618644308
19/01/2022,39445,10:57:25,1,13,7,8,11,11,11,13,1642618645308
19/01/2022,39446,10:57:26,4,16,8,6,9,13,8,15,1642618646309
19/01/2022,39447,10:57:27,9,9,7,5,9,10,13,4,1642618647319
19/01/2022,39448,10:57:28,8,13,7,7,10,10,8,7,1642618648328
19/01/2022,39449,10:57:29,9,12,13,8,10,13,11,18,1642618649331
19/01/2022,39450,10:57:30,0,10,10,5,9,16,13,7,1642618650333
19/01/2022,39451,10:57:31,2,14,7,6,10,12,11,9,1642618651334
19/01/2022,39452,10:57:32,8,12,13,8,9,11,16,18,1642618652335
19/01/2022,39453,10:57:33,6,11,15,4,9,13,9,14,1642618653337
19/01/2022,39454,10:57:34,0,15,15,5,9,13,19,17,1642618654338
19/01/2022,39455,10:57:35,9,16,14,7,10,11,16,7,1642618655339
19/01/2022,39456,10:57:36,1,17,13,6,10,14,17,10,1642618656341
19/01/2022,39457,10:57:37,0,9,7,4,10,13,18,11,1642618657341
19/01/2022,39458,10:57:38,1,18,13,7,10,13,10,5,1642618658342
19/01/2022,39459,10:57:39,8,10,15,4,11,12,18,18,1642618659345
19/01/2022,39460,10:57:40,1,16,15,8,11,16,12,11,1642618660354
19/01/2022,39461,10:57:41,9,8,11,9,10,12,15,9,1642618661364
19/01/2022,39462,10:57:42,0,11,8,6,9,15,8,6,1642618662373
19/01/2022,39463,10:57:43,10,11,7,6,11,13,13,7,1642618663383
19/01/2022,39464,10:57:44,6,12,14,10,9,15,15,15,1642618664385
19/01/2022,39465,10:57:45,1,15,15,9,10,16,17,18,1642618665390
19/01/2022,39466,10:57:46,2,13,10,5,11,15,14,13,1642618666390
19/01/2022,39467,10:57:47,10,16,13,6,9,10,8,18,1642618667399
19/01/2022,39468,10:57:48,10,17,12,7,11,14,8,18,1642618668409
19/01/2022,39469,10:57:49,2,12,11,7,9,10,13,12,1642618669409
19/01/2022,39470,10:57:50,10,17,11,7,11,13,17,6,1642618670410
19/01/2022,39471,10:57:51,10,9,9,9,9,11,7,7,1642618671410
19/01/2022,39472,10:57:52,6,12,8,9,10,10,14,12,1642618672421
19/01/2022,39473,10:57:53,10,13,13,4,11,13,17,17,1642618673441
19/01/2022,39474,10:57:54,7,9,8,7,11,15,17,18,1642618674453
19/01/2022,39475,10:57:55,9,11,14,9,10,12,7,9,1642618675453
19/01/2022,39476,10:57:56,4,13,7,8,10,14,19,13,1642618676453
19/01/2022,39477,10:57:57,5,13,8,6,11,15,13,8,1642618677454
19/01/2022,39478,10:57:58,4,14,10,10,9,11,12,12,1642618678455
19/01/2022,39479,10:57:59,9,16,10,4,11,12,13,4,1642618679456
19/01/2022,39480,10:58:00,7,9,7,7,9,12,11,13,1642618680465
19/01/2022,39481,10:58:01,3,17,8,6,11,15,7,13,1642618681475
19/01/2022,39482,10:58:02,9,14,7,8,9,12,12,18,1642618682484
19/01/2022,39483,10:58:03,1,10,13,6,11,10,12,5,1642618683494
19/01/2022,39484,10:58:04,4,15,11,9,9,14,13,11,1642618684497
19/01/2022,39485,10:58:05,9,8,11,4,10,14,12,7,1642618685500
19/01/2022,39486,10:58:06,4,9,13,5,9,10,13,4,1642618686506
19/01/2022,39487,10:58:07,4,8,14,5,9,10,12,5,1642618687525
19/01/2022,39488,10:58:08,3,9,15,7,10,14,18,7,1642618688535
19/01/2022,39489,10:58:09,9,11,11,4,9,12,13,8,1642618689541
19/01/2022,39490,10:58:10,8,15,7,6,10,14,14,8,1642618690551
19/01/2022,39491,10:58:11,7,15,12,10,11,14,17,18,1642618691556
19/01/2022,39492,10:58:12,8,14,13,9,10,14,9,7,1642618692567
19/01/2022,39493,10:58:13,10,16,7,6,10,11,17,11,1642618693571
19/01/2022,39494,10:58:14,8,11,11,4,11,16,11,17,1642618694575
19/01/2022,39495,10:58:15,0,10,8,7,9,11,16,17,1642618695585
19/01/2022,39496,10:58:16,9,16,11,10,9,10,19,10,1642618696596
19/01/2022,39497,10:58:17,6,17,12,5,10,13,14,7,1642618697605
19/01/2022,39498,10:58:18,9,11,8,9,10,12,7,4,1642618698616
19/01/2022,39499,10:58:19,0,12,7,7,11,15,12,13,1642618699635
19/01/2022,39500,10:58:20,6,17,13,8,11,14,18,7,1642618700653
19/01/2022,39501,10:58:21,5,16,10,5,9,12,11,4,1642618701669
19/01/2022,39502,10:58:22,5,14,12,4,9,13,18,14,1642618702686
19/01/2022,39503,10:58:23,7,15,10,6,10,12,12,16,1642618703694
19/01/2022,39504,10:58:24,3,17,8,10,10,16,14,15,1642618704703
19/01/2022,39505,10:58:25,10,15,13,5,9,14,12,17,1642618705707
19/01/2022,39506,10:58:26,5,11,14,7,9,13,10,13,1642618706723
19/01/2022,39507,10:58:27,8,10,14,10,9,14,18,5,1642618707728
19/01/2022,39508,10:58:28,6,16,10,5,9,11,14,16,1642618708740
19/01/2022,39509,10:58:29,8,17,11,4,9,14,18,17,1642618709754
19/01/2022,39510,10:58:30,5,17,11,10,11,11,13,15,1642618710763
19/01/2022,39511,10:58:31,4,12,15,9,10,13,17,4,1642618711774
19/01/2022,39512,10:58:32,2,14,9,5,11,11,13,8,1642618712787
19/01/2022,39513,10:58:33,3,14,9,4,9,16,7,11,1642618713804
19/01/2022,39514,10:58:34,2,16,14,5,10,13,12,6,1642618714815
19/01/2022,39515,10:58:35,2,13,12,8,11,11,19,7,1642618715823
19/01/2022,39516,10:58:36,5,18,10,4,10,16,7,14,1642618716833
19/01/2022,39517,10:58:37,1,13,7,9,11,14,8,13,1642618717842
19/01/2022,39518,10:58:38,4,11,10,8,10,12,12,10,1642618718843
19/01/2022,39519,10:58:39,10,8,7,4,11,11,9,7,1642618719846
19/01/2022,39520,10:58:40,0,17,11,8,10,14,19,8,1642618720846
19/01/2022,39521,10:58:41,3,12,12,5,11,13,12,18,1642618721849
19/01/2022,39522,10:58:42,8,18,13,8,10,11,17,15,1642618722850
19/01/2022,39523,10:58:43,4,12,10,6,10,12,15,15,1642618723851
19/01/2022,39524,10:58:44,8,16,10,8,11,15,17,15,1642618724855
19/01/2022,39525,10:58:45,10,17,9,4,9,13,18,15,1642618725865
19/01/2022,39526,10:58:46,5,13,14,5,11,15,17,6,1642618726874
19/01/2022,39527,10:58:47,0,14,12,8,9,10,12,10,1642618727883
19/01/2022,39528,10:58:48,5,9,8,6,9,13,8,5,1642618728885
19/01/2022,39529,10:58:49,2,14,14,6,10,12,11,4,1642618729886
19/01/2022,39530,10:58:50,8,14,13,4,11,15,15,11,1642618730886
19/01/2022,39531,10:58:51,6,9,14,8,11,10,18,11,1642618731886
19/01/2022,39532,10:58:52,9,11,8,8,9,12,17,7,1642618732888
19/01/2022,39533,10:58:53,0,14,7,10,10,12,10,18,1642618733891
19/01/2022,39534,10:58:54,2,15,9,6,9,11,16,13,1642618734891
19/01/2022,39535,10:58:55,1,12,7,4,10,16,14,10,1642618735891
19/01/2022,39536,10:58:56,7,17,8,6,11,11,13,9,1642618736891
19/01/2022,39537,10:58:57,5,9,9,7,10,16,7,7,1642618737892
19/01/2022,39538,10:58:58,1,9,12,10,9,13,8,4,1642618738892
19/01/2022,39539,10:58:59,7,16,10,9,10,16,12,11,1642618739902
19/01/2022,39540,10:59:00,3,11,15,7,9,13,14,6,1642618740912
19/01/2022,39541,10:59:01,7,15,14,6,9,14,12,8,1642618741921
19/01/2022,39542,10:59:02,3,8,15,4,11,15,7,18,1642618742930
19/01/2022,39543,10:59:03,2,10,13,7,9,12,13,9,1642618743931
19/01/2022,39544,10:59:04,1,18,8,4,9,10,15,4,1642618744934
19/01/2022,39545,10:59:05,0,12,9,6,10,10,13,10,1642618745936
19/01/2022,39546,10:59:06,4,17,9,9,9,16,8,18,1642618746946
19/01/2022,39547,10:59:07,8,11,10,7,9,15,14,14,1642618747955
19/01/2022,39548,10:59:08,8,13,14,6,9,11,14,5,1642618748957
19/01/2022,39549,10:59:09,2,15,12,9,10,13,8,13,1642618749968
19/01/2022,39550,10:59:10,3,10,11,9,11,13,14,17,1642618750970
19/01/2022,39551,10:59:11,3,17,10,9,10,11,7,16,1642618751980
19/01/2022,39552,10:59:12,0,17,7,9,11,13,9,12,1642618752982
19/01/2022,39553,10:59:13,6,17,7,9,11,10,17,14,1642618753984
19/01/2022,39554,10:59:14,2,9,13,5,11,13,16,7,1642618754993
19/01/2022,39556,10:59:16,7,9,8,4,9,10,8,13,1642618756003
19/01/2022,39557,10:59:17,0,15,11,9,10,15,10,18,1642618757012
19/01/2022,39558,10:59:18,1,14,14,9,9,15,19,4,1642618758022
19/01/2022,39559,10:59:19,8,15,12,9,11,12,9,18,1642618759023
19/01/2022,39560,10:59:20,8,14,15,5,10,16,8,16,1642618760024
19/01/2022,39561,10:59:21,2,9,14,5,11,13,9,17,1642618761027
19/01/2022,39562,10:59:22,6,17,10,4,9,11,15,17,1642618762037
19/01/2022,39563,10:59:23,3,10,13,4,10,11,8,13,1642618763038
19/01/2022,39564,10:59:24,3,9,12,4,11,12,16,7,1642618764040
19/01/2022,39565,10:59:25,4,12,8,4,11,15,8,9,1642618765049
19/01/2022,39566,10:59:26,3,14,13,7,9,14,17,10,1642618766059
19/01/2022,39567,10:59:27,3,14,12,4,11,15,18,7,1642618767068
19/01/2022,39568,10:59:28,2,11,14,9,9,15,16,11,1642618768077
19/01/2022,39569,10:59:29,0,18,14,6,10,12,7,10,1642618769079
19/01/2022,39570,10:59:30,3,13,9,4,9,10,11,14,1642618770088
19/01/2022,39571,10:59:31,6,10,9,7,11,15,9,18,1642618771090
19/01/2022,39572,10:59:32,9,11,11,4,10,16,19,11,1642618772091
19/01/2022,39573,10:59:33,7,17,12,6,11,14,19,14,1642618773093
19/01/2022,39574,10:59:34,0,18,15,10,10,12,18,14,1642618774106
19/01/2022,39575,10:59:35,2,13,10,9,11,14,14,10,1642618775115
19/01/2022,39576,10:59:36,8,8,13,8,9,13,11,18,1642618776124
19/01/2022,39577,10:59:37,5,15,13,10,9,10,10,9,1642618777134
19/01/2022,39578,10:59:38,6,15,13,10,10,12,10,16,1642618778144
19/01/2022,39579,10:59:39,5,10,14,10,9,14,17,16,1642618779144
19/01/2022,39580,10:59:40,3,10,13,9,11,12,14,11,1642618780153
19/01/2022,39581,10:59:41,4,18,12,9,10,11,19,7,1642618781162
19/01/2022,39582,10:59:42,1,8,14,7,11,15,10,5,1642618782172
19/01/2022,39583,10:59:43,2,13,12,5,11,16,19,13,1642618783181
19/01/2022,39584,10:59:44,7,18,7,10,11,13,12,11,1642618784183
19/01/2022,39585,10:59:45,5,16,8,9,9,16,14,4,1642618785188
19/01/2022,39586,10:59:46,1,9,13,9,10,16,18,5,1642618786189
19/01/2022,39587,10:59:47,6,9,13,8,9,10,7,9,1642618787199
19/01/2022,39588,10:59:48,1,13,8,5,11,15,19,10,1642618788209
19/01/2022,39589,10:59:49,6,16,9,7,11,13,10,10,1642618789212
19/01/2022,39590,10:59:50,6,11,7,9,9,14,16,9,1642618790212
19/01/2022,39591,10:59:51,5,9,7,10,10,13,16,5,1642618791214
19/01/2022,39592,10:59:52,2,13,13,8,10,15,11,15,1642618792223
19/01/2022,39593,10:59:53,1,9,9,9,10,12,18,9,1642618793223
19/01/2022,39594,10:59:54,7,13,13,4,9,11,17,11,1642618794224
19/01/2022,39595,10:59:55,9,10,15,10,9,15,16,18,1642618795234
19/01/2022,39596,10:59:56,1,13,7,7,9,10,19,6,1642618796244
19/01/2022,39597,10:59:57,4,13,15,9,9,14,8,6,1642618797248
19/01/2022,39598,10:59:58,7,12,12,8,11,11,19,4,1642618798248
19/01/2022,39599,10:59:59,1,14,9,9,9,10,10,12,1642618799252
19/01/2022,39600,11:00:00,6,16,8,9,9,15,18,7,1642618800254
19/01/2022,39601,11:00:01,10,12,8,8,11,15,7,15,1642618801264
19/01/2022,39602,11:00:02,1,8,12,9,9,14,17,17,1642618802274
19/01/2022,39603,11:00:03,7,11,9,10,10,11,8,17,1642618803283
19/01/2022,39604,11:00:04,9,10,8,8,11,10,11,17,1642618804285
19/01/2022,39605,11:00:05,3,14,10,9,10,16,14,8,1642618805287
19/01/2022,39606,11:00:06,9,9,13,6,9,11,16,15,1642618806298
19/01/2022,39607,11:00:07,3,15,9,8,10,15,17,9,1642618807306
19/01/2022,39608,11:00:08,3,12,12,6,10,11,16,18,1642618808316
19/01/2022,39609,11:00:09,5,8,15,6,9,13,13,16,1642618809332
19/01/2022,39610,11:00:10,3,11,11,5,10,16,14,14,1642618810349
19/01/2022,39611,11:00:11,1,13,7,9,11,16,18,14,1642618811364
19/01/2022,39612,11:00:12,7,8,7,6,9,15,15,11,1642618812381
19/01/2022,39613,11:00:13,9,8,7,7,10,15,16,11,1642618813399
19/01/2022,39614,11:00:14,0,12,9,5,10,15,12,4,1642618814410
19/01/2022,39615,11:00:15,3,15,11,5,9,12,19,6,1642618815429
19/01/2022,39616,11:00:16,6,10,15,7,11,11,17,5,1642618816443
19/01/2022,39617,11:00:17,1,16,10,6,11,14,12,17,1642618817463
19/01/2022,39618,11:00:18,2,14,11,9,9,11,11,14,1642618818471
19/01/2022,39619,11:00:19,2,11,14,7,11,10,9,10,1642618819483
19/01/2022,39620,11:00:20,8,10,7,4,10,10,7,6,1642618820506
19/01/2022,39621,11:00:21,6,11,7,8,9,16,19,9,1642618821519
19/01/2022,39622,11:00:22,10,13,14,7,11,14,7,4,1642618822538
19/01/2022,39623,11:00:23,4,15,12,7,10,15,14,11,1642618823545
19/01/2022,39624,11:00:24,0,12,8,7,9,10,15,14,1642618824561
19/01/2022,39625,11:00:25,6,9,11,4,10,12,13,18,1642618825571
19/01/2022,39626,11:00:26,8,10,11,7,9,11,11,4,1642618826588
19/01/2022,39627,11:00:27,10,17,14,9,11,13,12,18,1642618827605
19/01/2022,39628,11:00:28,8,17,8,10,11,11,19,17,1642618828615
19/01/2022,39629,11:00:29,5,11,15,6,9,16,16,4,1642618829628
19/01/2022,39630,11:00:30,10,10,13,9,10,12,8,5,1642618830645
19/01/2022,39631,11:00:31,6,14,8,8,10,12,16,6,1642618831653
19/01/2022,39632,11:00:32,2,17,8,7,9,11,17,6,1642618832670
19/01/2022,39633,11:00:33,1,15,8,7,9,14,8,10,1642618833683
19/01/2022,39634,11:00:34,6,17,8,4,10,12,10,6,1642618834690
19/01/2022,39635,11:00:35,7,13,8,9,11,13,7,14,1642618835697
19/01/2022,39636,11:00:36,3,15,14,8,9,12,10,12,1642618836706
19/01/2022,39637,11:00:37,6,11,10,5,10,12,18,17,1642618837716
19/01/2022,39638,11:00:38,8,16,8,6,11,12,9,8,1642618838725
19/01/2022,39639,11:00:39,10,8,15,10,11,12,18,13,1642618839727
19/01/2022,39640,11:00:40,6,10,14,4,9,11,14,7,1642618840730
19/01/2022,39641,11:00:41,2,16,13,6,10,13,17,5,1642618841740
19/01/2022,39642,11:00:42,10,16,8,6,9,11,11,16,1642618842755
19/01/2022,39643,11:00:43,2,15,11,10,11,15,7,6,1642618843759
19/01/2022,39644,11:00:44,1,11,14,9,10,15,19,4,1642618844766
19/01/2022,39645,11:00:45,7,16,14,6,10,15,19,10,1642618845779
19/01/2022,39646,11:00:46,0,13,10,6,11,10,16,10,1642618846794
19/01/2022,39647,11:00:47,4,11,14,5,9,16,15,11,1642618847802
19/01/2022,39648,11:00:48,8,8,7,10,9,12,10,6,1642618848813
19/01/2022,39649,11:00:49,9,11,8,9,11,11,15,16,1642618849834
19/01/2022,39650,11:00:50,3,18,10,4,10,12,8,18,1642618850852
19/01/2022,39651,11:00:51,2,10,8,5,11,13,16,4,1642618851866
19/01/2022,39652,11:00:52,9,12,8,7,10,12,13,14,1642618852875
19/01/2022,39653,11:00:53,0,17,7,9,10,14,12,12,1642618853884
19/01/2022,39654,11:00:54,1,16,15,10,9,14,13,14,1642618854904
19/01/2022,39655,11:00:55,6,18,10,8,11,10,11,8,1642618855922
19/01/2022,39656,11:00:56,10,18,13,7,10,15,19,5,1642618856936
19/01/2022,39657,11:00:57,1,17,15,4,9,14,17,7,1642618857943
19/01/2022,39658,11:00:58,5,8,14,10,9,12,13,10,1642618858955
19/01/2022,39659,11:00:59,1,14,9,8,9,14,17,10,1642618859964
19/01/2022,39660,11:01:00,1,10,8,4,11,14,13,10,1642618860986
19/01/2022,39662,11:01:02,9,16,14,5,9,10,19,15,1642618862002
19/01/2022,39663,11:01:03,4,14,14,8,10,12,18,8,1642618863018
19/01/2022,39664,11:01:04,0,8,7,8,10,13,10,4,1642618864028
19/01/2022,39665,11:01:05,0,8,7,10,11,12,11,11,1642618865049
19/01/2022,39666,11:01:06,1,17,7,10,11,11,16,5,1642618866070
19/01/2022,39667,11:01:07,4,12,9,4,9,13,8,9,1642618867078
19/01/2022,39668,11:01:08,2,18,14,6,11,10,9,6,1642618868099
19/01/2022,39669,11:01:09,6,15,11,5,9,13,8,12,1642618869109
19/01/2022,39670,11:01:10,9,17,8,9,10,16,17,13,1642618870131
19/01/2022,39671,11:01:11,10,18,11,9,11,11,15,7,1642618871154
19/01/2022,39672,11:01:12,0,14,7,5,11,12,10,12,1642618872171
19/01/2022,39673,11:01:13,3,18,10,7,9,14,19,16,1642618873180
19/01/2022,39674,11:01:14,10,17,10,7,10,15,11,11,1642618874203
19/01/2022,39675,11:01:15,1,15,8,6,10,16,13,9,1642618875226
19/01/2022,39676,11:01:16,7,15,8,5,11,16,13,13,1642618876247
19/01/2022,39677,11:01:17,9,17,10,8,10,16,13,14,1642618877260
19/01/2022,39678,11:01:18,7,11,11,10,10,14,7,18,1642618878280
19/01/2022,39679,11:01:19,10,16,10,5,9,14,18,5,1642618879299
19/01/2022,39680,11:01:20,3,13,14,10,10,16,17,12,1642618880322
19/01/2022,39681,11:01:21,4,14,15,7,11,11,19,16,1642618881334
19/01/2022,39682,11:01:22,1,17,11,6,9,14,8,13,1642618882343
19/01/2022,39683,11:01:23,3,11,14,7,10,13,13,13,1642618883352
19/01/2022,39684,11:01:24,0,10,9,5,11,12,18,11,1642618884370
19/01/2022,39685,11:01:25,1,12,12,8,9,10,16,4,1642618885385
19/01/2022,39686,11:01:26,1,17,13,4,10,15,12,6,1642618886396
19/01/2022,39687,11:01:27,9,12,14,8,11,14,17,4,1642618887415
19/01/2022,39688,11:01:28,0,16,11,6,9,12,13,18,1642618888426
19/01/2022,39689,11:01:29,5,11,7,10,10,15,15,8,1642618889440
19/01/2022,39690,11:01:30,6,13,7,10,10,12,12,9,1642618890453
19/01/2022,39691,11:01:31,0,13,14,10,10,11,13,18,1642618891461
19/01/2022,39692,11:01:32,1,15,13,6,10,14,13,7,1642618892477
19/01/2022,39693,11:01:33,4,8,11,4,10,11,11,18,1642618893487
19/01/2022,39694,11:01:34,2,9,8,4,11,10,12,18,1642618894500
19/01/2022,39695,11:01:35,9,9,9,5,9,13,14,14,1642618895508
19/01/2022,39696,11:01:36,7,11,9,5,10,14,16,15,1642618896523
19/01/2022,39697,11:01:37,3,12,10,9,11,13,9,16,1642618897542
19/01/2022,39698,11:01:38,2,8,9,4,10,13,16,8,1642618898551
